result,probability,probability_pct
Spain win,0.6277437679803527,62.8
Draw,0.2255438616771664,22.6
England win,0.14671237034248097,14.7
